Id,PurchaseAmount,NumItems,ShippingDistance,PaymentMethod,TransactionHour
1343,10.67,3,24.8,0,15
1339,26.74,1,34.9,0,17
190,5.05,2,30.9,0,10
1333,1.29,1,25.2,0,17
1817,21.66,3,35.2,0,12
1686,6.84,2,36.8,0,16
658,3.87,1,41.5,1,13
1847,44.38,1,18.4,1,11
555,22.47,4,49.2,1,11
1964,31.02,2,34.2,1,18
1571,66.14,3,1.7,1,11
1980,11.01,3,2.7,0,18
311,76.44,4,12.5,0,13
434,10.64,4,19.9,0,8
307,19.22,1,10.4,0,16
109,2.84,3,42.3,1,16
786,37.26,4,10.0,1,8
1401,65.19,3,24.0,0,15
1285,44.23,4,16.4,0,14
328,1.4,1,27.2,1,19
1504,105.37,1,27.7,0,8
554,36.27,4,28.0,0,15
776,1.09,2,28.1,0,18
919,9.85,3,2.6,0,16
1299,16.29,2,18.8,0,14
638,41.11,4,10.5,0,8
1858,17.89,4,36.3,1,19
1589,23.57,1,14.7,0,17
1950,22.35,3,36.3,0,19
544,8.97,3,35.6,1,12
1287,54.69,3,37.7,0,10
1312,79.38,2,43.8,0,11
1279,39.7,4,29.5,1,15
1910,2.77,1,34.5,0,11
651,0.54,2,27.9,0,9
843,0.83,1,23.5,1,12
818,90.91,3,34.3,1,17
839,29.88,3,38.1,1,16
13,43.52,3,4.7,0,19
1203,28.57,2,50.0,0,16
1146,43.93,2,47.5,0,16
823,104.78,1,21.8,1,17
1787,77.87,4,5.9,1,19
450,37.4,3,37.9,0,14
1786,9.28,1,11.7,0,9
1946,34.56,3,24.0,1,9
1648,7.85,3,47.0,0,19
92,29.87,1,14.6,0,8
536,28.2,2,10.7,1,19
566,14.06,4,36.7,1,16
1280,36.44,2,28.5,0,18
1658,37.21,2,7.6,0,10
1971,19.94,3,13.1,0,9
1334,13.11,2,30.9,0,12
701,12.65,2,1.4,0,17
559,39.35,3,13.7,0,12
358,49.7,4,10.8,0,12
1254,5.47,4,17.0,1,9
1091,19.21,4,19.0,0,14
521,8.31,2,35.4,0,14
44,19.48,3,35.8,0,18
236,10.11,1,34.6,0,15
1563,38.85,4,8.9,0,15
1289,14.25,4,44.7,0,10
1859,1.96,1,16.1,0,15
1084,40.85,3,19.1,0,8
798,129.47,4,7.8,1,16
735,26.26,3,7.2,0,12
1505,9.71,2,36.2,1,19
1934,25.84,4,10.8,0,10
1542,9.58,1,3.9,0,12
1195,86.96,2,13.5,0,13
1371,2.96,3,7.3,0,15
315,86.07,1,21.7,0,8
1398,49.39,3,43.2,1,19
961,75.38,1,13.0,0,18
1574,63.7,4,47.4,1,16
1023,49.16,3,29.2,0,10
1624,50.89,1,14.0,0,18
1506,17.49,4,38.3,0,11
1420,2.19,4,38.4,1,11
1991,12.62,1,40.4,0,15
1489,8.42,2,25.5,0,14
754,0.12,4,5.2,0,19
1342,16.83,4,15.6,0,9
891,164.26,4,36.4,1,9
65,29.6,4,2.4,0,11
583,7.37,1,2.0,1,19
305,21.54,1,43.9,0,19
857,11.1,1,26.2,0,12
565,54.79,4,18.3,0,11
793,9.7,4,3.1,1,8
1682,17.15,2,8.1,0,9
1775,2.6,4,48.2,0,12
484,2.29,1,21.3,0,14
240,35.86,3,18.3,0,18
1724,7.5,3,46.3,1,8
261,59.26,4,4.1,1,12
1300,29.1,1,19.2,1,8
1782,45.22,1,36.0,0,12
1080,22.01,4,13.5,1,16
654,11.0,2,40.9,0,11
1675,4.14,1,35.1,0,14
1286,2.96,2,21.8,0,13
1156,6.25,2,38.2,1,14
648,14.98,3,44.2,1,10
681,8.37,3,4.8,0,11
1060,4.46,2,12.7,0,11
1780,53.18,3,13.2,0,14
1533,8.49,3,35.9,1,18
29,24.91,1,21.9,0,14
329,12.12,3,48.6,0,16
1375,30.14,1,18.7,0,15
207,7.82,4,24.2,0,15
453,82.23,3,6.0,0,8
428,29.35,4,17.5,1,10
1750,72.8,2,3.1,0,8
733,13.43,4,29.9,1,8
1028,42.44,4,15.2,0,17
829,44.49,2,3.8,0,11
1612,9.44,1,8.0,1,8
595,77.56,3,49.9,0,17
788,46.03,4,8.4,1,10
918,15.3,3,24.0,0,8
1968,60.16,2,48.5,0,11
1075,4.18,1,36.8,0,12
525,52.97,3,43.9,1,17
1984,11.18,4,44.3,0,17
499,7.41,3,29.2,1,17
991,30.17,3,35.5,0,19
1021,3.44,1,41.0,1,10
105,54.99,4,18.6,1,12
848,59.21,3,20.5,0,12
959,28.32,4,42.9,0,18
712,51.66,2,25.6,1,11
422,5.49,2,2.4,0,9
205,58.35,1,17.9,0,13
709,35.4,3,13.8,0,16
1324,3.92,3,8.5,0,9
1022,80.37,1,7.1,0,13
861,17.69,4,30.7,0,9
725,11.71,1,19.0,0,13
1869,30.75,3,19.6,0,18
274,4.23,1,4.9,0,12
230,13.19,2,45.7,1,10
1001,41.99,4,42.2,0,10
1840,24.97,3,17.5,0,11
1002,97.01,2,24.8,0,8
629,12.77,2,19.0,0,9
95,33.45,2,11.6,1,12
690,66.68,2,20.5,1,15
785,13.31,3,48.0,0,8
183,12.9,3,32.2,0,19
703,3.34,1,47.0,0,10
892,117.25,2,26.9,1,13
373,29.85,4,46.0,0,17
872,24.99,2,24.1,0,8
780,64.67,3,29.8,0,14
908,122.72,2,17.8,1,18
309,6.15,1,23.6,1,17
642,28.02,1,18.2,1,8
1374,35.92,3,31.7,1,17
1385,46.97,3,44.3,1,9
210,33.28,2,16.1,0,19
395,100.33,3,3.4,0,10
156,1.91,1,13.0,0,16
586,34.93,3,22.3,1,15
976,74.15,2,5.4,0,14
111,2.64,1,26.6,0,11
1495,24.06,1,49.8,0,18
278,25.24,2,34.6,1,15
1744,21.1,4,16.3,1,15
924,31.31,3,14.6,0,12
562,47.25,4,12.6,0,18
1139,47.96,4,41.0,0,8
1238,155.37,2,12.7,0,16
1545,7.41,4,36.0,0,19
614,28.6,1,15.3,0,16
929,3.31,3,42.8,1,13
51,29.81,1,22.3,1,11
1738,78.0,2,44.8,1,14
1687,8.77,1,43.5,0,14
1707,16.98,3,21.7,0,10
1225,119.79,4,31.8,0,14
1049,7.12,4,6.3,0,11
1387,11.46,3,5.8,0,8
1271,53.45,1,33.3,0,13
1789,13.04,1,30.0,0,14
992,21.58,3,38.8,0,10
657,13.17,4,18.3,0,18
1403,17.56,2,29.3,0,19
132,0.18,2,30.7,0,14
327,179.89,3,14.0,0,15
143,12.13,4,37.2,0,19
1493,24.52,4,27.5,1,12
67,23.66,2,41.2,0,9
683,1.93,4,0.2,0,8
904,8.74,4,34.2,0,16
1791,43.12,4,1.6,1,12
490,9.21,3,9.8,1,17
1138,33.24,4,31.4,0,9
1647,8.52,4,22.1,1,12
302,3.74,3,14.0,0,15
267,34.71,2,41.0,0,15
1170,0.5,3,9.2,0,14
1622,7.11,2,33.6,1,8
628,19.12,3,19.0,1,15
957,62.09,3,42.1,1,12
765,19.7,1,21.2,1,15
743,7.17,2,2.3,0,8
1061,1.43,1,19.4,1,14
939,5.31,3,49.4,0,17
1047,30.67,1,8.6,0,14
1826,17.0,4,15.5,0,12
547,60.64,2,31.1,0,12
87,152.33,4,24.5,1,16
257,45.94,4,39.0,0,9
1587,192.07,4,46.7,0,10
949,20.74,1,29.6,0,12
718,35.85,3,11.0,1,13
222,17.53,1,17.3,0,18
1290,91.26,1,12.4,0,15
773,62.65,4,28.2,0,17
383,45.22,1,7.0,0,11
699,29.18,3,15.9,0,9
1751,40.12,4,9.5,0,16
808,79.39,4,41.6,0,15
1206,65.62,3,14.5,1,11
1777,0.83,1,33.9,0,14
1380,5.88,4,34.2,0,10
411,28.09,4,10.4,1,17
526,15.84,4,7.4,1,18
115,54.36,3,2.7,0,16
1125,37.54,2,40.9,0,10
1053,20.6,2,35.2,0,18
1422,35.12,2,40.8,0,17
913,89.97,4,19.0,1,15
1667,20.13,3,6.4,1,14
1985,10.81,2,1.7,0,19
104,22.05,2,44.6,1,18
1070,22.04,4,28.0,1,17
974,34.67,3,31.9,0,18
352,6.55,2,38.7,1,8
1242,15.16,4,47.8,0,8
64,26.96,3,11.3,0,8
1882,1.94,4,35.9,0,8
1310,5.05,4,9.1,0,15
337,10.25,1,20.7,0,11
825,18.17,3,24.8,0,8
1180,18.66,2,8.5,0,11
1781,23.69,2,22.5,0,16
219,50.71,1,1.3,0,10
1479,33.12,3,40.8,0,11
1721,60.21,4,46.7,1,16
1918,24.34,1,1.1,0,12
385,18.71,1,17.7,0,13
396,24.02,2,40.1,0,9
864,82.56,2,30.3,0,13
22,1.15,1,32.9,1,10
1362,58.66,1,0.7,0,19
1611,16.67,2,21.8,1,13
1566,16.72,4,45.9,0,11
310,29.95,1,19.2,0,13
441,31.76,2,49.3,1,8
120,3.13,3,46.1,0,13
1941,29.83,4,32.7,1,11
734,19.36,2,11.3,0,8
76,30.61,3,8.6,0,14
1328,12.81,3,12.7,0,8
43,18.24,2,4.0,1,15
113,44.83,2,33.0,0,12
1068,3.87,1,22.2,0,12
459,49.39,3,9.8,0,17
1036,87.07,1,44.1,0,17
227,8.27,4,40.8,1,15
1020,25.93,1,25.4,0,12
1358,32.11,4,34.0,0,9
1005,106.61,1,11.1,0,16
1931,7.44,2,11.1,0,11
669,41.38,1,18.1,1,15
479,34.37,4,35.4,0,15
1445,52.35,1,31.8,0,17
1521,32.62,4,27.6,0,14
896,34.11,4,25.2,0,12
36,28.95,3,36.3,1,17
262,6.82,1,18.8,0,19
1644,4.48,3,42.6,0,18
1030,62.69,2,38.9,0,19
1348,21.69,4,12.7,0,15
467,10.4,3,24.0,0,13
1938,17.47,2,6.2,0,19
1043,45.45,4,21.9,1,17
1165,89.23,2,12.0,0,14
1424,0.72,3,42.2,1,18
969,77.31,2,2.4,1,12
149,83.56,2,46.0,0,8
1336,4.83,2,23.2,0,19
1932,21.21,2,14.2,1,16
652,38.41,3,14.4,0,9
1010,7.3,4,18.4,0,11
1669,27.48,2,28.9,1,12
1601,5.54,4,10.3,0,13
148,17.38,4,36.0,0,16
557,65.11,4,1.9,0,11
1755,48.65,1,32.9,0,12
684,20.53,3,24.4,1,15
116,1.2,1,46.9,0,8
911,26.84,4,40.5,0,9
1423,44.35,1,22.1,0,14
88,3.27,4,40.0,0,11
567,81.22,1,0.8,1,8
1906,2.94,3,8.5,0,8
430,32.1,4,3.8,0,10
1132,81.23,4,41.1,0,15
121,48.02,2,6.6,0,16
1728,15.62,1,15.4,1,8
1168,40.91,1,3.1,0,13
32,24.73,3,25.5,0,10
750,18.27,1,49.4,0,9
1388,6.67,3,18.1,0,15
404,51.84,2,49.1,1,18
1095,7.08,4,18.3,1,13
1741,52.73,1,39.8,0,19
1735,40.26,1,15.2,1,15
168,2.34,2,38.2,1,11
1,5.14,2,17.3,0,18
1353,87.73,3,3.3,0,9
634,14.95,1,31.4,1,16
316,14.5,3,42.5,1,13
1117,58.39,1,45.6,1,11
357,33.34,3,1.1,1,10
804,14.98,1,37.7,0,12
828,14.82,4,18.9,1,14
534,63.51,2,47.8,0,13
62,7.57,4,16.1,0,19
1580,34.22,1,29.8,0,18
277,21.46,1,11.5,1,17
1294,3.83,1,4.4,0,19
1369,6.9,2,49.1,1,17
736,63.93,4,22.2,1,19
1857,50.48,1,2.7,0,18
1449,58.01,2,38.8,0,18
1540,34.77,3,20.2,1,16
185,16.14,2,5.9,0,13
1919,44.77,2,26.2,0,9
1051,0.9,3,36.5,0,16
523,48.74,1,20.9,0,13
871,33.42,1,26.8,0,8
1883,61.65,4,28.9,0,12
133,5.25,2,15.4,0,11
130,49.6,2,38.8,0,18
1097,57.18,1,23.0,0,17
832,34.67,4,4.7,0,8
1273,51.9,2,25.1,0,18
1717,5.4,2,24.1,1,18
858,12.29,2,26.8,0,14
55,12.62,4,35.5,1,17
1617,64.41,4,29.7,0,12
994,2.34,2,33.6,0,9
1447,8.67,1,18.3,1,16
1292,30.46,4,35.8,0,14
671,42.38,4,34.2,1,19
601,20.0,3,19.2,1,17
1948,5.38,3,28.0,0,14
1618,9.72,2,10.7,0,8
617,67.65,1,25.5,0,11
382,13.18,4,44.7,1,17
1794,16.5,4,4.1,1,18
1256,39.12,3,42.5,0,14
1993,11.25,3,12.3,1,18
271,15.3,1,47.3,1,18
1345,57.7,1,14.6,1,19
1032,50.61,3,38.3,1,10
1559,7.26,3,38.2,1,13
19,5.94,4,45.8,1,15
841,52.76,1,26.8,1,9
344,1.26,1,26.5,0,10
438,26.73,1,49.0,0,19
1590,83.82,1,7.2,0,10
1820,52.58,4,28.0,1,8
884,35.23,2,36.8,0,16
1361,8.64,2,40.5,0,9
1038,21.92,3,43.8,1,14
389,22.98,1,35.2,0,11
1370,4.57,4,22.6,0,12
1473,20.78,1,6.6,0,12
483,9.89,1,37.8,0,14
1774,10.95,2,4.5,0,19
1268,15.78,4,18.4,0,13
157,0.29,3,41.8,0,15
1015,72.27,4,16.8,0,13
451,83.82,3,31.5,0,17
570,1.71,1,42.3,1,10
879,0.67,2,31.0,0,10
1190,30.8,3,13.7,0,11
1592,9.06,4,9.8,0,11
606,8.11,4,14.0,0,11
320,0.54,3,22.3,0,15
321,2.87,4,40.2,0,15
1303,15.09,4,4.2,1,10
1265,58.96,2,22.0,0,9
723,14.94,2,4.7,0,12
211,7.11,2,47.7,0,8
253,24.75,2,40.8,0,18
298,15.8,3,16.6,0,12
1355,2.9,1,38.1,0,17
855,28.66,2,37.3,1,16
760,79.18,1,8.1,0,16
655,63.55,1,17.8,1,13
258,14.27,3,2.9,1,13
954,30.37,3,31.5,0,9
1018,85.24,2,48.0,0,12
1012,233.31,4,31.8,1,19
1251,13.35,4,17.9,0,19
1228,15.7,3,13.0,0,9
375,58.68,4,29.4,0,14
6,61.94,2,8.6,1,19
668,2.43,3,16.9,0,18
1712,67.29,2,46.3,0,18
1323,2.21,4,19.1,1,15
1699,32.99,2,33.3,0,8
692,72.86,4,32.8,1,17
815,43.87,4,5.7,0,9
1679,16.42,2,11.2,0,18
615,1.9,1,10.8,0,18
73,65.65,1,4.4,1,10
1987,60.13,2,21.2,1,11
1295,3.21,1,31.2,1,19
1990,103.12,4,6.4,1,8
936,29.34,4,22.2,1,14
1019,59.69,3,26.7,0,11
1965,35.84,1,16.8,0,9
1944,81.97,2,35.6,0,19
14,8.51,2,44.1,0,15
1174,37.59,4,36.1,1,13
1684,29.82,4,40.4,0,18
369,33.74,1,46.9,0,16
155,27.59,4,2.0,0,13
319,71.31,3,45.9,0,12
1507,24.54,1,22.5,0,9
1451,19.36,2,21.6,0,17
1804,53.34,4,49.7,0,15
1940,24.28,2,2.7,1,16
777,37.31,4,37.2,0,12
1613,8.54,3,43.8,1,8
135,33.76,2,28.4,0,17
1433,8.94,2,29.4,0,9
1437,16.61,3,5.3,1,8
779,20.4,4,20.7,0,14
1998,25.38,4,10.4,1,9
1013,146.77,3,49.2,0,17
1929,15.64,3,44.7,1,14
16,40.62,4,13.7,1,12
1432,1.33,1,29.5,0,13
1354,111.2,4,7.4,0,16
1332,17.1,2,4.0,0,14
1378,58.18,1,3.6,1,14
928,46.52,1,7.4,0,13
842,17.77,3,17.9,0,9
962,54.23,3,7.4,1,11
1536,16.31,3,22.8,0,19
131,28.19,3,0.9,1,8
279,18.84,3,34.2,0,8
612,2.86,2,30.2,0,17
1159,6.82,4,5.5,1,17
762,30.89,2,31.5,1,9
1695,1.6,4,41.5,0,10
250,2.37,3,12.4,1,14
1024,17.68,2,41.7,1,11
1194,31.02,4,1.2,0,13
197,3.56,3,43.5,1,13
469,28.2,3,0.1,0,13
716,17.32,2,6.8,0,10
1865,11.39,3,33.8,1,12
1895,138.61,2,23.2,0,10
1629,54.61,1,47.4,0,13
1175,115.49,3,15.8,1,17
1698,17.64,4,9.6,1,15
137,46.97,3,15.9,0,14
234,6.81,2,43.4,0,14
548,14.83,1,27.0,0,8
945,55.73,1,0.1,1,17
880,3.09,3,18.8,0,12
1603,20.5,3,15.1,1,10
204,0.37,2,16.0,0,14
1753,2.06,3,40.4,1,13
1481,8.17,3,21.1,1,17
1661,13.23,2,26.4,0,11
1801,24.96,3,47.4,0,16
1927,74.84,1,9.2,0,14
739,114.19,1,49.3,0,12
1220,7.48,3,25.9,0,17
1953,8.66,2,39.0,0,14
631,8.38,1,25.2,0,10
1639,43.74,1,42.8,0,15
1813,7.39,1,33.7,1,14
625,24.31,3,24.4,1,10
679,11.32,2,1.0,0,11
1209,18.0,4,13.0,0,18
317,131.72,3,32.7,0,8
814,9.31,4,1.9,1,19
1189,17.85,4,18.9,1,11
37,28.9,2,18.2,0,19
551,87.72,3,25.2,0,15
680,17.34,1,20.7,0,8
1671,49.75,3,49.6,1,13
603,11.31,4,7.3,1,12
1715,8.34,2,2.2,0,9
407,2.01,2,12.7,1,17
946,1.97,3,39.2,0,18
1187,14.1,2,26.0,0,16
591,106.45,4,5.7,0,11
1638,16.5,1,34.0,1,9
1995,26.8,2,42.6,0,15
513,27.84,4,8.7,1,15
1739,1.51,3,5.9,0,18
948,49.44,1,47.1,0,19
1104,14.71,4,32.1,0,18
977,70.65,3,17.0,1,14
903,15.45,3,3.5,0,10
1696,14.19,3,6.3,1,13
1415,74.34,3,28.1,0,9
1982,57.82,1,23.7,0,10
1474,0.98,3,17.8,0,9
1464,24.92,1,30.1,0,17
464,16.95,2,39.9,1,9
1631,43.13,3,24.7,0,11
162,25.66,2,47.6,1,16
1588,15.24,2,5.9,1,8
997,8.9,1,31.2,0,16
1056,63.4,3,20.5,0,16
276,21.52,1,21.7,0,9
380,37.27,2,40.8,1,13
1130,30.71,2,18.1,1,9
70,12.92,2,36.8,0,14
264,41.66,2,29.1,0,19
333,11.01,2,20.8,0,10
1027,46.92,4,19.3,1,14
1645,0.03,1,40.2,0,14
151,1.71,2,25.9,0,10
1814,0.02,1,41.2,0,8
77,228.45,3,21.1,0,14
432,8.11,2,48.5,0,11
1711,50.03,3,10.2,1,9
1570,32.63,2,18.5,1,13
1871,67.39,1,24.4,1,13
170,39.13,1,23.1,0,11
1427,13.49,2,0.3,1,16
1567,13.12,4,18.8,0,16
186,6.54,1,14.1,1,19
66,30.04,4,11.5,1,18
1114,33.42,1,26.9,1,14
473,26.9,2,4.5,0,16
86,18.12,1,11.3,0,13
1838,8.38,2,12.8,0,14
1462,40.36,2,11.0,1,12
1892,8.5,3,9.9,0,14
167,62.97,3,31.0,0,9
1482,11.5,4,35.3,1,15
500,122.03,3,22.6,0,18
172,23.01,1,36.5,0,18
1635,2.13,2,20.3,0,18
49,10.86,4,25.7,1,19
749,24.14,4,17.1,1,10
1182,3.17,2,24.3,0,13
98,3.05,1,23.1,0,14
1400,68.48,1,43.6,0,19
1135,14.25,1,11.1,1,13
1477,40.03,2,36.8,0,13
174,22.21,3,17.4,1,8
1172,5.84,1,11.4,1,12
906,43.38,4,32.6,0,9
616,3.29,3,18.1,0,16
1996,16.91,2,14.4,1,9
727,29.53,3,45.7,0,18
335,15.52,2,36.9,0,17
1202,10.76,4,3.9,0,10
835,0.57,3,18.3,0,17
757,2.18,3,28.0,1,16
747,24.56,1,27.3,0,17
1758,25.61,2,24.2,0,12
1955,11.14,4,44.8,1,8
1467,34.71,3,29.4,0,9
1745,40.31,4,18.7,1,16
986,0.19,2,30.8,0,8
1691,0.88,1,48.1,0,11
1103,52.49,4,26.0,0,17
1831,37.33,3,38.5,0,8
1920,0.06,1,29.6,1,16
1945,17.6,4,19.9,0,8
1764,0.85,1,18.4,0,13
1483,6.21,2,3.7,0,17
1835,26.36,2,44.2,0,8
971,93.3,4,0.5,0,11
1003,70.88,4,6.3,1,15
458,74.16,1,6.9,0,13
1127,16.87,2,33.2,0,10
821,15.45,2,25.3,0,17
1553,6.05,2,47.1,0,17
1702,10.24,2,6.2,0,10
1405,110.62,2,22.1,0,13
173,30.93,1,31.7,1,19
713,11.87,2,22.5,0,14
867,49.33,3,21.9,0,15
1218,46.76,3,4.4,1,17
1455,5.56,2,44.5,0,16
1124,0.2,1,14.7,1,19
876,2.57,2,15.4,0,17
1956,0.93,2,48.8,0,14
1719,37.17,2,42.4,1,9
1634,93.1,1,42.0,0,19
386,4.79,1,1.1,0,12
1252,18.36,1,29.9,1,16
117,2.61,1,27.1,1,16
645,54.1,2,31.2,0,17
1372,16.98,4,6.2,0,14
1471,10.24,2,27.2,0,9
1843,5.33,3,42.2,0,12
1217,58.57,1,27.6,0,13
806,31.49,3,18.8,0,14
1076,47.08,4,48.2,0,17
1065,7.33,4,36.9,0,13
1304,4.58,2,18.5,1,14
1452,13.27,2,26.5,0,9
656,16.44,4,23.4,1,19
1392,27.93,2,21.7,0,11
152,38.43,3,6.3,1,13
1192,46.57,2,46.2,0,14
799,12.63,4,40.8,0,10
268,36.93,3,17.5,0,8
189,10.94,4,23.9,0,18
938,2.99,2,42.9,1,14
1200,13.24,2,49.4,0,9
283,21.12,1,24.9,0,13
475,28.88,3,30.5,0,10
1229,3.05,1,1.4,0,18
1713,67.38,1,4.0,0,10
1235,25.83,3,12.6,0,14
308,68.78,4,30.7,0,11
972,16.36,3,22.2,0,9
915,29.95,2,18.3,0,19
1077,127.23,4,32.4,0,11
85,0.62,3,26.4,0,9
349,20.21,2,22.9,0,16
1844,103.01,3,33.5,0,12
950,0.28,2,10.4,0,16
968,64.0,2,21.7,0,8
1399,61.53,4,45.8,1,9
142,5.42,2,45.7,0,13
409,7.6,3,40.5,1,11
512,16.14,2,48.4,1,14
247,36.22,3,17.9,0,18
1525,99.38,2,26.8,1,13
1701,41.3,3,29.5,0,12
376,35.54,3,44.3,1,15
569,28.28,1,10.8,0,10
1365,35.14,4,49.7,1,9
1417,94.14,2,3.4,0,9
1191,17.31,4,40.9,1,18
529,33.05,2,22.0,0,16
1040,175.86,4,0.5,0,17
1583,10.92,1,39.6,0,8
347,16.52,4,40.5,1,16
702,7.22,1,1.9,0,11
1623,26.86,1,38.4,0,15
1709,3.04,4,30.6,0,8
303,6.93,2,43.9,0,13
1331,8.47,1,25.4,1,9
38,13.26,3,28.9,0,9
1914,250.45,1,12.0,1,8
1034,7.39,3,1.3,1,15
99,94.04,1,21.6,0,19
1870,40.22,1,1.3,0,16
1730,7.72,3,27.9,0,14
1253,74.69,3,7.4,0,16
599,14.75,2,27.5,0,15
1406,8.18,4,17.1,0,16
934,9.96,1,34.2,0,13
1894,109.53,2,24.0,0,9
667,11.45,4,0.8,1,8
1900,13.62,2,43.9,0,11
251,26.52,1,19.0,0,17
1685,12.64,1,28.6,0,9
1215,43.35,1,21.3,0,10
1288,17.25,4,45.2,0,15
163,11.8,1,39.0,0,18
1568,19.71,1,27.4,0,11
1792,22.05,2,8.2,0,14
1393,59.0,4,2.2,1,17
866,4.89,2,47.0,0,11
287,57.65,2,26.2,1,11
1357,4.18,4,31.9,0,16
1666,6.37,2,27.4,0,17
354,31.65,4,40.6,1,11
1376,2.7,1,28.1,0,14
1582,20.11,4,5.4,0,12
580,1.25,4,41.0,0,16
139,7.55,1,14.7,0,18
454,32.32,3,23.7,0,10
1876,31.94,3,21.3,0,9
1338,44.34,3,46.5,0,17
675,14.49,2,23.5,0,18
46,2.36,1,39.3,0,9
996,32.48,3,24.1,0,10
1988,10.02,4,34.5,0,13
543,6.81,4,25.5,0,18
259,7.8,4,14.6,0,15
907,7.46,2,44.8,1,12
1860,14.56,4,20.0,0,15
836,38.39,3,47.5,0,12
1703,18.24,3,34.0,0,13
153,24.01,1,12.2,1,17
588,89.16,2,36.9,0,13
1901,1.14,1,14.8,0,18
1267,27.26,1,43.3,0,11
1450,86.94,2,5.7,1,17
801,42.03,4,4.0,1,14
1270,29.16,3,10.4,1,17
1377,24.37,4,12.3,0,17
158,13.94,1,26.7,0,13
522,26.11,2,28.6,0,12
1176,31.45,4,13.8,0,9
1657,7.81,2,34.1,1,8
1939,15.56,3,40.6,0,14
164,2.26,3,46.9,0,18
393,16.62,4,22.1,0,17
1827,15.4,3,40.9,0,13
1078,12.7,2,41.1,1,15
503,9.9,1,43.8,1,12
1795,14.65,1,48.5,1,9
1396,16.39,2,2.6,0,12
1727,35.19,2,1.0,1,11
34,34.22,2,31.0,0,11
1163,36.45,1,24.2,0,12
778,26.43,3,19.0,0,14
1016,16.23,1,8.0,0,11
1833,17.35,2,29.9,0,18
1441,45.25,1,33.0,0,17
600,7.07,3,48.6,1,13
1098,19.0,1,34.1,1,13
238,46.08,2,0.5,0,9
1608,39.66,4,47.5,1,15
1029,40.69,3,40.2,0,17
646,122.81,4,3.9,0,11
96,31.3,4,3.0,0,9
1144,16.85,2,27.3,0,8
851,16.92,3,22.8,0,13
1121,32.78,2,4.5,1,11
1649,13.08,3,33.9,1,12
1277,42.13,4,40.7,0,14
224,10.48,1,11.9,0,10
79,7.37,4,47.9,0,18
1197,21.61,3,49.3,0,18
1421,28.33,1,25.2,0,14
518,18.12,4,16.2,0,16
463,21.8,3,5.0,0,18
995,68.61,4,48.4,1,8
1769,8.4,2,6.2,0,14
1397,16.73,2,45.8,1,8
1149,41.09,4,23.3,0,12
217,59.16,1,20.8,0,14
394,91.6,3,39.9,0,11
1798,1.83,4,10.6,0,9
598,30.67,4,45.5,0,17
1196,23.83,4,36.3,0,14
377,23.72,2,17.2,0,8
209,17.3,3,22.2,0,10
1305,64.17,1,23.6,1,18
883,29.38,1,26.7,0,15
492,15.36,3,16.4,0,15
982,62.6,3,47.3,0,14
353,37.09,3,38.0,1,17
1841,37.32,2,39.9,0,19
1073,82.41,1,5.0,0,13
1958,33.07,3,24.7,0,11
738,16.97,2,40.3,0,9
1861,13.79,2,2.4,0,19
1806,43.6,1,23.9,0,15
955,3.07,2,43.1,1,16
1414,38.9,4,2.9,0,15
1115,115.07,1,27.2,0,19
1925,6.33,1,45.0,0,19
926,12.43,1,5.5,0,13
810,13.16,2,49.7,0,12
647,16.38,1,36.5,0,15
869,3.97,2,23.3,0,14
20,48.04,2,46.8,0,17
1714,22.45,3,27.9,0,8
585,8.89,3,23.0,0,18
677,128.63,4,28.6,0,14
697,14.32,2,2.6,0,13
1930,16.41,2,45.6,0,14
1994,70.68,4,7.0,1,18
304,3.8,4,32.6,0,16
983,97.27,1,6.6,1,8
128,1.41,4,28.5,0,18
722,14.05,1,20.9,0,16
410,19.94,3,46.2,1,13
1572,79.18,4,48.7,0,14
449,24.97,3,14.9,0,19
1181,46.09,2,37.1,1,17
1516,8.33,2,13.0,0,11
1099,11.49,1,26.8,1,9
1778,29.19,4,3.7,0,15
1936,40.35,2,43.1,0,17
1973,4.39,3,24.8,0,18
146,6.84,2,26.6,0,19
1367,15.2,4,41.3,0,8
894,8.74,4,44.0,0,19
179,13.99,2,5.8,0,15
643,24.55,1,17.3,0,16
1539,127.09,2,30.1,0,9
1599,44.84,1,27.7,0,10
862,41.17,3,34.6,0,16
445,28.04,2,29.3,0,17
447,64.3,3,25.1,1,14
1797,38.27,1,39.8,0,14
1503,29.44,3,16.6,0,9
726,25.72,2,16.9,0,16
245,3.17,3,17.9,1,12
1694,31.6,4,18.7,1,13
1810,3.85,2,46.5,0,12
1350,28.94,2,26.4,1,11
579,5.18,3,15.2,0,13
1186,22.74,4,41.6,0,11
241,15.93,4,45.6,1,12
1325,69.06,4,26.2,0,17
759,184.94,3,4.3,0,18
82,28.05,4,29.9,0,19
633,123.92,1,16.1,0,10
1785,1.17,4,13.9,1,10
275,5.56,2,10.2,0,12
345,18.49,4,6.7,1,15
398,41.84,2,37.9,0,19
768,1.27,1,2.7,0,9
56,54.6,4,10.5,0,11
206,8.57,4,37.6,0,8
1680,89.51,1,9.6,1,16
854,42.6,1,5.7,0,15
1245,6.75,4,14.8,0,15
187,81.28,4,26.7,0,17
1210,5.87,1,10.0,0,10
418,59.24,1,48.4,0,11
693,6.72,4,48.1,0,12
68,13.74,4,1.4,1,9
587,38.78,3,21.1,0,12
1143,13.88,4,46.5,1,11
1577,35.01,1,48.8,1,14
58,134.45,4,46.1,0,10
1472,88.58,1,2.0,0,15
1756,18.17,3,42.3,1,14
1746,36.75,2,24.1,1,9
981,81.65,1,34.6,0,15
1260,18.28,4,35.0,0,15
729,38.52,1,31.1,1,8
1363,3.03,2,33.0,0,14
834,35.29,4,42.8,1,10
1083,123.34,2,0.0,0,16
742,8.3,2,47.6,0,8
1759,149.99,3,28.9,0,9
178,20.22,2,23.8,0,11
387,33.99,2,33.8,0,12
686,88.57,4,18.1,1,13
1935,6.03,2,31.0,0,15
424,33.81,1,19.0,0,14
604,18.31,3,16.1,1,8
581,119.63,1,32.7,0,16
1275,46.79,1,41.1,0,11
235,94.56,4,25.5,0,19
306,47.5,1,45.2,0,14
1650,42.43,4,35.6,0,17
611,6.88,1,33.5,0,18
1718,13.21,3,0.3,0,13
1976,30.71,3,44.8,0,8
1199,12.24,3,41.2,0,9
524,4.0,2,48.7,1,10
1470,63.17,4,11.2,0,16
672,93.26,3,15.9,0,16
1663,20.01,1,34.3,1,14
1274,26.86,1,8.3,1,12
1391,60.01,1,23.7,0,10
1654,1.53,1,32.1,0,14
1651,16.34,4,30.2,1,13
368,9.65,2,43.2,0,19
416,97.96,4,49.0,0,18
1726,24.69,4,37.9,0,12
429,1.5,2,11.6,0,17
84,17.63,2,48.6,0,15
1802,5.08,4,14.7,1,14
1989,23.62,2,31.7,0,8
817,34.72,4,4.3,0,18
1693,0.85,4,39.0,0,15
1234,22.94,1,16.5,1,18
1967,24.49,4,43.2,0,16
1360,19.84,2,45.2,0,19
1846,7.59,3,23.9,0,16
1822,4.26,1,30.7,0,15
685,20.57,4,47.2,0,10
1498,41.81,2,17.5,1,17
532,84.43,1,41.0,1,12
201,58.47,2,2.8,0,18
966,0.38,3,46.7,0,15
1006,17.79,4,31.6,0,11
392,5.52,3,24.6,0,14
69,10.85,1,17.1,0,14
284,3.25,3,17.4,0,15
1468,21.24,1,18.5,0,15
1743,14.21,3,41.8,0,14
21,7.66,1,24.9,1,8
1314,48.67,3,40.2,0,19
1293,4.3,4,2.2,1,10
707,107.8,1,26.0,1,16
487,45.12,4,39.7,1,15
280,13.26,4,21.0,0,18
125,35.11,1,39.9,0,15
912,120.89,4,24.8,0,16
910,53.77,2,37.4,1,12
530,60.22,3,45.5,0,13
624,6.68,4,34.9,0,8
967,2.75,3,49.9,0,16
1610,53.94,4,12.9,1,16
1725,16.68,3,4.4,1,15
229,23.25,2,28.9,0,10
41,44.69,2,8.6,1,9
1487,55.81,3,48.4,1,11
849,36.23,4,18.9,0,11
1512,13.88,1,41.4,0,11
1082,123.92,4,17.4,1,18
989,44.38,4,11.6,0,10
31,20.37,2,27.3,1,19
293,16.32,2,48.3,1,13
973,36.7,1,12.9,1,12
1578,21.67,2,32.6,0,8
1803,116.12,3,0.9,0,15
1748,29.29,3,30.3,0,10
930,11.45,2,4.4,1,15
318,153.6,2,36.2,1,8
618,116.87,2,19.6,1,13
477,39.75,4,36.6,0,16
1110,47.41,3,8.6,0,18
415,11.78,3,47.8,0,18
1961,7.1,3,33.1,0,13
8,32.9,1,36.8,1,19
188,29.29,3,5.1,1,16
1734,10.08,2,23.5,0,18
1009,19.39,2,40.5,1,16
1373,50.79,4,20.7,0,17
370,47.96,2,6.8,1,18
592,6.46,3,7.3,1,16
1740,23.31,3,44.9,1,11
397,7.84,1,15.3,0,14
281,1.57,4,46.0,0,9
1902,1.9,1,39.9,0,12
191,29.53,2,20.8,1,18
1548,0.62,3,37.5,0,16
246,0.13,3,37.7,0,17
1381,26.7,1,14.3,0,16
1683,71.72,4,27.6,1,17
1776,31.1,3,24.5,0,13
1227,21.29,2,12.2,0,12
1457,16.77,1,22.2,0,12
964,16.93,1,13.2,0,16
705,47.77,2,19.0,1,18
202,29.24,2,19.5,0,19
715,1.0,4,36.4,0,8
502,5.6,3,11.2,0,11
1412,68.26,4,5.8,1,14
1216,34.82,2,3.0,0,15
1974,15.32,2,17.1,1,8
899,5.04,4,48.7,0,18
1549,25.39,4,16.5,0,8
1866,3.27,1,44.9,0,10
935,3.0,2,17.9,0,14
1188,61.39,2,19.6,1,15
1107,7.53,2,14.9,0,18
501,11.6,1,30.4,0,18
252,32.84,1,35.4,0,8
695,41.08,2,34.7,0,10
627,28.61,3,5.3,0,12
812,19.81,2,27.3,1,12
1904,36.9,1,24.1,0,15
457,0.58,1,12.5,0,18
1261,3.45,1,47.4,0,19
199,43.55,2,40.7,0,19
1122,9.98,2,10.5,0,12
953,15.01,3,19.3,1,10
103,35.33,1,29.5,0,19
888,0.01,3,17.4,1,13
161,12.85,3,45.3,1,15
1058,20.91,2,30.7,0,18
1213,14.83,2,16.2,0,10
290,70.87,2,46.9,0,11
1519,8.38,1,43.3,0,15
45,60.46,4,4.0,0,16
231,6.46,4,42.6,0,18
213,13.5,2,24.6,0,19
118,13.51,2,10.5,0,10
1050,40.09,1,24.4,1,17
129,69.55,2,45.7,1,9
1404,5.82,3,33.1,1,12
1520,34.2,3,46.9,0,8
1502,59.17,2,21.2,0,19
963,33.69,4,31.4,0,8
711,18.5,3,12.6,1,8
1722,27.56,2,6.1,0,11
1523,45.3,2,24.5,0,12
295,18.82,4,20.2,0,10
1221,19.43,2,9.0,1,16
1689,44.86,4,37.6,0,12
244,57.45,4,19.8,0,14
1341,16.17,1,42.0,0,10
1825,27.25,4,7.7,0,15
708,21.67,2,25.3,1,8
1799,75.18,2,27.3,1,14
1059,33.46,1,43.1,1,17
622,38.93,1,26.6,0,12
300,45.28,1,39.2,0,15
1856,19.53,2,47.5,0,13
314,0.86,2,32.9,0,10
784,14.09,3,0.6,0,19
1307,14.96,1,32.5,0,9
940,4.8,3,41.3,0,12
1368,89.51,2,42.7,0,15
1911,60.85,3,35.9,0,17
1207,135.8,3,24.1,0,14
1120,22.89,1,15.3,0,9
1501,10.78,2,13.0,0,19
1816,18.47,2,3.6,1,11
1128,9.95,3,30.3,1,12
498,0.56,3,47.7,0,8
301,53.69,1,44.7,0,8
1960,3.79,3,26.4,0,17
1067,30.59,3,4.9,1,16
1933,100.92,4,29.7,1,16
1596,46.41,1,9.6,0,11
374,23.16,4,25.3,0,15
1530,62.73,4,32.3,0,11
1136,91.36,3,19.2,0,15
1836,6.93,4,36.0,0,17
1641,40.19,2,4.5,1,8
480,51.1,3,35.6,0,14
1066,85.55,3,34.4,0,19
177,25.88,4,41.6,0,12
1662,4.32,4,12.3,0,11
1317,5.89,4,5.6,0,17
1668,68.65,1,22.7,1,19
1351,7.86,4,12.8,0,14
196,32.04,2,39.1,0,15
1264,29.96,4,19.4,0,9
363,44.03,3,41.4,0,18
419,1.18,3,8.8,1,9
110,2.57,3,9.2,0,17
400,45.48,4,14.9,0,8
826,33.61,2,47.1,0,12
81,33.09,2,36.9,1,9
1550,21.13,4,18.7,0,8
10,50.55,2,38.3,0,18
1915,9.56,1,19.9,0,18
660,26.38,2,14.8,0,9
1297,6.68,4,4.1,0,13
535,15.86,4,34.3,1,9
644,27.18,1,21.6,1,15
1873,166.04,2,36.4,0,16
165,12.54,1,47.6,0,17
1628,8.28,2,9.8,0,12
511,3.08,3,22.3,0,14
508,92.16,3,25.9,1,8
877,56.76,2,3.3,0,18
755,9.46,1,1.6,1,15
744,22.08,2,31.0,1,19
933,27.11,1,47.2,1,11
1597,17.85,3,42.9,0,8
1737,32.62,3,31.7,1,17
1773,14.71,2,42.2,1,10
1926,57.44,2,1.3,1,14
689,81.81,2,5.5,0,16
794,55.44,3,38.0,0,13
437,115.49,3,25.5,0,8
91,40.41,2,22.7,1,15
1747,13.97,4,7.7,1,16
63,9.24,4,0.6,1,9
1665,15.07,1,38.8,1,10
1868,36.09,1,48.0,1,12
388,11.93,2,34.5,0,14
1899,79.11,1,15.3,0,9
1046,32.96,4,49.8,0,15
1923,1.91,3,9.9,0,19
1308,46.66,3,36.0,0,11
1291,28.09,1,28.0,0,10
706,30.8,3,46.6,0,18
1145,21.76,4,46.1,0,11
931,15.4,4,31.1,1,12
1972,23.07,4,33.6,0,10
123,1.04,1,28.3,0,15
1178,45.21,3,9.9,0,9
1431,2.88,1,36.7,1,19
1606,180.08,4,14.3,0,15
53,59.0,1,7.4,1,19
1893,21.67,3,42.8,0,14
42,8.25,3,11.9,1,19
813,28.58,3,33.0,1,14
1977,44.63,2,10.6,1,9
1615,0.15,3,20.4,0,13
1109,4.7,4,15.6,1,13
774,7.11,1,42.3,1,11
1729,52.92,2,41.6,1,10
1903,129.23,1,44.0,0,17
682,92.52,3,5.3,0,18
787,32.02,4,41.7,1,8
220,0.13,2,19.4,0,8
1811,4.87,2,11.7,1,15
830,20.34,4,39.6,0,17
1897,30.13,4,20.4,0,12
1556,31.56,1,48.8,1,11
1633,3.92,3,44.2,0,18
1561,0.96,3,35.9,0,12
292,16.17,3,14.9,0,9
1937,1.27,2,8.7,1,10
561,7.7,1,20.2,0,11
571,24.81,3,36.0,1,15
811,25.76,3,0.2,1,18
1237,56.95,1,49.7,0,16
346,1.21,4,38.6,0,16
1150,6.0,2,43.8,0,15
1494,3.37,4,13.2,0,19
1529,38.34,4,36.7,0,13
1853,6.81,1,2.4,1,12
5,49.12,3,26.6,0,12
988,26.96,2,27.3,0,12
24,22.57,3,34.0,1,12
737,7.33,2,4.5,1,19
299,7.17,2,21.5,1,16
1908,38.22,2,15.9,0,15
50,80.67,2,23.4,1,19
947,59.37,1,35.7,0,8
1879,45.5,3,14.0,0,9
781,40.2,4,38.5,0,19
1598,3.12,1,4.9,1,18
621,46.94,3,3.4,0,12
840,3.46,3,29.3,0,19
28,13.6,3,38.4,0,15
176,0.49,1,28.1,1,9
1321,23.59,2,16.0,0,8
990,106.69,2,42.9,0,15
568,3.66,2,37.3,0,15
1517,0.36,4,46.8,0,12
803,4.48,3,29.5,0,19
1564,8.92,1,37.8,0,18
850,37.14,2,45.5,0,18
1395,7.36,4,31.1,0,11
286,6.76,3,15.0,0,16
1585,8.78,1,40.5,0,17
1079,25.71,4,50.0,1,15
1142,35.85,2,17.6,0,16
124,1.05,4,29.5,0,8
1394,20.32,3,44.2,0,19
11,6.21,2,20.7,0,11
730,36.13,4,48.8,0,14
542,3.15,2,11.4,0,10
549,1.62,3,13.0,0,17
1456,59.63,4,24.9,1,9
783,25.73,2,46.6,0,9
1319,22.6,3,4.9,1,8
1591,41.95,2,1.1,1,9
1700,30.22,3,33.7,1,18
1823,55.3,2,40.4,0,15
101,37.89,1,22.9,1,15
664,53.46,4,42.8,1,15
698,39.05,2,48.8,0,14
1736,69.22,4,22.2,0,9
975,16.0,2,12.3,0,17
724,25.69,3,23.6,1,13
596,5.07,1,32.9,0,19
339,41.43,4,41.7,0,19
1171,11.79,1,25.7,1,18
1761,4.95,3,44.7,0,17
427,17.51,4,14.0,0,15
145,63.8,3,28.4,1,18
1352,35.17,1,45.8,1,17
1440,77.35,4,25.2,0,10
761,19.07,1,19.4,1,14
1057,119.03,4,4.7,0,9
80,71.18,2,13.1,0,16
470,24.93,2,48.0,1,17
491,5.13,4,3.4,1,16
332,4.37,3,46.6,1,12
1041,8.58,2,19.5,0,18
1862,33.11,1,29.9,1,15
1409,3.9,3,31.0,0,11
1757,3.89,3,32.4,1,13
1116,11.07,4,24.8,1,12
171,27.45,4,15.1,1,10
273,3.27,4,7.3,0,11
859,88.84,4,35.4,0,15
1100,12.98,2,9.1,0,17
1298,23.43,2,25.8,1,11
325,26.79,4,12.2,0,11
1480,74.83,2,18.7,1,16
1164,18.0,3,48.6,0,8
57,0.58,4,19.8,1,13
1246,2.58,4,11.6,1,16
1881,30.93,1,40.4,0,17
108,23.7,3,48.4,0,11
537,29.21,1,31.6,0,19
237,87.07,2,15.0,0,8
1208,9.18,3,18.0,0,9
1688,11.64,4,42.8,0,13
270,16.28,2,27.5,1,19
985,8.99,2,31.0,1,9
462,2.39,1,26.7,0,9
75,48.43,1,7.5,0,11
60,65.82,3,33.2,1,19
405,14.16,4,1.4,0,9
493,2.73,1,45.2,0,8
572,23.44,3,35.1,1,16
1193,4.52,2,46.4,0,19
1855,19.98,1,30.1,0,15
740,27.71,3,37.4,0,12
1547,18.64,4,34.4,0,14
12,24.09,1,24.8,1,12
1486,37.24,1,29.1,0,16
228,35.76,1,44.9,1,9
1970,2.08,4,31.4,0,13
1681,10.43,1,20.2,1,17
27,14.06,4,24.8,0,16
160,3.31,3,28.7,1,15
528,2.9,1,39.7,0,14
243,20.2,3,38.6,0,15
728,81.74,1,31.5,0,19
1888,3.78,1,6.4,0,13
1026,9.43,3,39.3,1,11
1102,1.61,2,12.0,0,12
878,27.2,1,38.9,0,11
471,44.2,2,43.5,1,9
72,3.62,2,29.9,1,17
1796,19.44,3,13.0,1,10
1257,4.73,2,17.0,0,16
1664,64.54,4,0.2,1,16
506,15.88,1,35.9,0,18
212,7.38,1,20.9,1,19
1513,6.79,4,36.9,0,15
1072,8.2,2,8.0,0,11
1335,17.01,1,39.9,0,13
620,32.45,1,24.7,0,9
1632,26.22,3,43.7,0,18
1852,0.68,3,25.3,1,10
1509,88.01,1,49.4,0,10
514,25.51,3,10.3,0,19
355,29.86,4,24.4,0,13
1173,51.9,4,37.7,0,15
1600,9.43,4,21.5,0,9
488,50.05,1,36.3,1,14
895,19.13,4,1.3,0,16
802,105.91,1,23.4,1,19
364,73.42,2,20.1,0,16
1126,6.18,3,1.4,1,16
1510,58.18,3,39.6,1,18
1454,21.51,1,21.1,0,14
865,27.09,1,33.1,1,18
1573,43.45,1,33.2,0,10
1593,57.7,1,24.0,0,14
1262,24.27,3,29.2,0,15
1011,17.28,2,11.6,0,17
1981,26.77,3,48.5,1,16
1386,5.62,1,2.4,1,8
285,11.07,4,36.9,0,13
1408,37.87,3,16.2,0,9
366,2.84,3,29.0,1,14
1605,3.4,4,37.2,0,17
970,5.71,3,25.3,0,10
1830,17.38,2,28.1,0,9
1800,20.79,4,39.4,0,12
710,42.66,3,41.9,1,10
1500,8.77,2,38.7,0,18
874,29.59,3,7.8,0,12
1874,42.8,1,42.3,0,9
691,72.24,2,10.0,0,18
1886,0.72,3,30.6,0,8
336,1.25,4,15.1,0,18
1752,36.82,2,14.9,0,12
203,30.28,1,45.3,1,13
790,5.35,1,0.2,1,17
1255,31.47,2,2.1,0,10
1692,19.8,2,38.7,0,15
958,14.13,2,48.1,0,17
1266,30.68,4,25.4,0,14
771,30.96,3,5.4,1,11
1413,85.12,1,32.0,0,14
233,8.4,2,38.6,0,16
663,5.16,2,24.9,0,18
1485,3.7,4,28.0,0,19
342,0.36,1,24.7,0,8
909,18.54,4,15.2,0,9
1157,32.12,3,32.0,0,19
255,34.73,2,38.5,0,17
1071,31.92,2,48.4,0,17
1534,33.71,4,1.5,0,12
83,54.4,3,29.1,0,11
1089,50.99,3,30.8,0,9
678,20.17,4,31.1,1,11
676,76.32,2,33.4,0,17
1316,19.9,2,48.9,0,15
632,10.4,3,10.5,1,18
1118,18.49,4,7.2,1,8
1446,56.28,4,6.0,0,10
1158,11.08,1,47.1,0,18
665,48.63,2,9.7,0,17
1760,13.31,3,45.0,0,8
1478,40.61,3,36.5,0,17
379,16.03,1,42.2,0,16
769,35.02,4,14.0,0,18
1674,1.09,4,6.7,0,15
122,23.39,4,27.8,1,13
1063,20.37,1,14.1,0,10
1537,154.89,2,32.3,0,14
466,70.72,2,29.0,0,8
1951,46.84,2,41.9,1,16
1576,26.89,3,33.5,0,17
1949,12.97,1,49.9,0,8
920,49.19,1,7.0,0,12
1916,58.49,1,16.0,0,16
1834,66.1,4,49.6,1,8
694,91.25,2,34.6,0,18
922,5.87,2,22.4,0,8
507,1.3,4,19.2,0,16
218,7.99,4,17.9,0,15
1224,32.46,3,43.1,0,16
390,0.99,3,32.9,0,15
426,32.05,3,47.6,0,15
1824,39.39,1,1.1,0,8
1969,55.81,1,18.2,0,12
330,5.59,2,20.2,0,12
350,3.69,1,48.3,0,13
1975,35.61,2,33.0,0,19
23,29.92,4,49.1,0,12
35,35.04,2,25.3,0,18
1301,3.07,2,25.2,0,11
822,9.31,2,10.7,1,13
371,56.62,3,46.2,1,10
1184,11.3,3,10.5,0,16
288,108.16,1,41.0,0,15
184,24.84,1,23.3,0,8
1733,60.02,2,17.0,0,12
533,0.9,3,49.3,0,8
1779,13.04,4,6.3,0,14
1463,20.45,1,24.8,0,17
1162,6.07,1,26.1,0,19
1524,5.5,1,15.0,0,16
1185,35.29,3,12.1,0,9
741,10.31,2,46.5,1,17
1962,8.69,3,1.9,1,13
1152,3.8,2,24.5,0,13
7,7.39,3,42.7,0,14
942,57.72,2,30.2,0,9
582,7.73,1,35.1,0,15
1105,2.29,2,2.2,0,15
905,1.76,4,47.5,0,10
1765,89.81,4,12.4,0,10
1659,77.11,4,28.8,0,16
1723,21.54,1,41.4,0,9
365,27.86,4,22.8,1,17
193,3.91,3,32.2,1,8
182,27.44,3,5.3,1,16
215,12.97,1,26.2,0,16
486,5.17,3,35.9,1,12
1508,14.18,1,4.9,0,19
649,5.05,1,31.1,0,14
1147,67.13,4,43.0,0,13
1809,28.02,2,48.0,1,18
359,16.96,4,7.7,0,19
560,4.7,3,30.9,0,10
417,14.16,1,40.5,1,14
873,6.39,4,17.7,0,13
1309,16.97,2,21.2,0,18
1963,14.25,4,0.2,1,15
1616,44.35,4,36.5,1,11
1356,14.65,1,43.0,0,15
775,92.42,2,32.3,0,17
431,41.89,1,36.8,0,16
448,2.42,4,41.9,0,14
102,8.89,3,6.0,0,16
1845,10.83,2,38.9,1,19
208,4.56,3,7.5,1,18
789,31.57,1,7.6,1,8
1878,5.69,2,36.1,0,18
1119,0.48,1,41.7,0,14
289,6.55,3,11.1,0,12
1716,1.34,4,31.9,1,16
845,21.33,2,35.4,0,17
1819,36.3,1,26.9,0,16
917,9.72,2,12.4,0,13
1167,10.72,2,1.4,0,9
1442,24.56,1,30.6,0,15
1754,0.45,2,0.0,1,15
1384,16.73,1,20.8,0,11
805,83.62,1,34.1,0,18
965,17.96,4,31.0,0,11
1768,17.68,1,13.2,0,19
1460,0.06,4,30.6,0,10
1546,14.38,1,7.6,0,18
254,5.29,1,12.6,0,16
1678,0.73,2,48.9,0,15
937,25.77,4,13.9,1,10
456,45.12,3,10.5,0,12
539,18.47,1,42.2,0,17
875,14.4,1,20.5,1,12
269,50.55,4,25.3,0,9
1088,7.77,1,24.1,0,9
1315,13.96,3,21.3,1,19
766,24.54,1,7.3,0,17
546,30.81,2,15.4,0,17
1484,30.17,1,23.4,1,16
1832,58.94,1,38.1,0,18
1579,201.47,1,35.1,0,19
119,51.89,4,44.6,0,12
1476,73.94,4,45.3,0,9
414,37.11,2,28.7,1,8
1697,20.19,3,37.0,0,13
175,13.93,4,42.7,0,12
1637,21.55,1,46.0,0,9
401,29.39,3,8.2,0,15
1543,56.64,2,42.4,0,17
94,76.69,4,16.3,0,11
1496,69.37,3,10.1,1,16
1008,21.17,1,6.5,0,8
312,23.15,1,40.2,1,14
519,33.19,3,48.4,0,19
1466,2.11,3,34.5,0,17
154,48.61,2,10.9,1,16
1141,22.24,4,2.5,0,18
921,27.88,1,16.1,1,8
1808,3.69,3,6.8,0,9
444,19.94,4,0.6,0,11
1552,2.18,2,20.5,0,15
1085,6.88,4,41.5,0,8
1905,5.21,4,50.0,0,18
1048,19.81,3,22.1,0,18
1055,3.17,1,8.8,1,16
226,7.59,3,44.3,0,10
1025,7.7,2,6.2,0,10
1562,2.03,1,12.6,0,17
714,62.11,2,37.4,0,19
436,12.64,3,10.7,0,17
180,30.4,4,38.3,0,19
1909,48.15,2,3.8,0,17
1140,56.29,2,42.9,0,13
509,75.98,4,25.2,0,15
33,37.09,3,9.5,0,18
1673,5.38,2,49.6,0,16
1643,13.67,4,12.5,0,13
39,32.54,3,48.8,0,15
25,37.72,1,24.7,0,18
30,57.54,1,10.1,0,16
200,27.11,1,17.8,0,10
1230,53.58,1,23.1,0,11
833,59.82,2,46.1,0,15
1488,37.86,1,33.9,1,14
1320,65.66,4,49.8,0,10
1558,2.55,4,17.7,0,12
181,2.92,1,24.4,1,11
824,11.13,3,36.0,1,12
1283,7.87,1,1.5,1,14
1922,25.68,4,2.2,0,18
1772,15.45,4,9.6,0,17
265,62.86,1,15.4,0,19
127,15.83,4,32.6,1,19
1469,46.83,4,34.0,1,16
720,34.93,3,23.3,0,15
296,4.11,1,14.8,1,8
795,9.33,1,14.6,0,18
653,15.07,2,5.1,0,19
661,20.93,4,49.0,0,18
1642,1.7,3,44.7,0,13
106,13.21,4,35.5,1,18
1096,33.02,2,30.6,1,14
1259,75.92,1,21.9,1,11
348,57.02,3,35.0,1,19
746,18.15,2,42.9,1,13
923,26.6,2,23.8,0,16
420,6.0,2,37.3,0,12
403,33.11,2,7.3,0,8
510,26.03,2,36.3,0,14
1828,6.71,2,29.4,0,14
1074,5.59,2,32.7,0,11
1411,52.58,2,43.0,1,14
1327,30.77,3,17.8,1,15
1646,10.69,1,28.4,0,18
1204,81.41,3,49.3,0,16
1226,27.35,4,38.8,0,17
670,24.22,2,8.7,0,13
916,11.17,3,12.3,0,11
1872,29.19,4,47.4,1,10
1609,21.96,2,26.5,0,17
232,29.91,2,39.1,0,15
731,27.42,4,26.7,0,14
1475,19.6,2,10.8,1,19
1459,22.35,2,18.4,1,9
1222,22.08,4,21.7,0,8
704,8.76,1,10.3,0,18
870,22.4,1,29.1,0,15
1812,19.54,2,49.8,0,11
1557,125.91,3,38.0,0,13
1322,19.98,3,7.0,1,9
1660,30.83,3,11.7,0,9
1541,170.43,1,20.7,1,10
717,7.6,3,34.0,0,19
126,18.18,3,24.3,0,11
688,76.25,2,13.7,0,13
1763,6.53,3,35.5,0,13
552,6.05,2,34.5,0,10
748,7.49,2,39.0,0,17
608,17.83,3,45.8,1,8
1875,2.54,3,14.1,0,16
1045,49.61,2,18.0,0,19
809,13.63,1,26.3,0,17
1033,34.07,2,12.4,0,10
541,3.49,1,26.0,0,10
1302,11.3,2,20.2,0,12
578,16.92,2,13.6,1,17
797,20.56,3,49.9,1,16
1528,138.77,4,0.5,0,17
1281,61.41,2,14.5,1,14
399,10.07,4,45.5,0,10
1986,42.89,1,39.2,0,8
1942,59.98,4,3.8,1,11
1236,13.44,3,23.2,1,14
1614,7.87,3,19.2,0,13
90,25.15,1,4.0,0,19
1429,76.8,1,41.1,0,13
889,140.81,3,25.3,0,14
192,90.19,4,14.6,0,11
1554,35.28,2,3.5,0,11
1586,14.04,4,2.4,0,10
1630,4.14,3,23.6,0,19
1959,11.53,3,8.3,0,10
898,117.44,4,18.7,1,8
1499,12.77,3,2.7,0,14
1864,72.23,1,29.4,0,8
1710,51.76,4,0.5,1,11
1052,98.15,2,46.5,1,17
1248,15.99,1,45.7,0,18
1241,68.68,2,39.7,0,12
249,1.35,1,30.5,0,15
1214,27.76,1,46.9,0,18
1625,2.95,1,33.8,0,17
1416,66.37,1,47.1,0,9
71,20.09,2,25.9,1,13
800,14.84,3,30.5,0,18
853,18.19,4,20.4,1,11
700,1.33,4,25.9,0,16
1928,18.4,4,49.8,1,12
1979,70.24,3,42.2,1,17
1131,13.64,2,24.6,0,8
881,2.39,2,14.8,1,15
1272,22.92,1,33.8,0,11
1244,28.21,2,38.0,0,17
1258,0.16,4,5.6,0,10
772,30.57,4,18.1,1,18
1439,86.95,4,37.7,0,14
1313,37.91,2,31.9,0,13
378,8.23,3,30.5,0,9
952,59.4,1,42.7,1,9
673,14.25,3,2.6,0,8
1263,17.32,1,26.0,1,15
367,48.73,1,49.2,1,9
987,67.02,1,41.6,0,13
860,0.53,4,1.6,0,11
515,74.7,4,45.1,0,16
1551,67.6,2,11.2,0,19
1581,14.71,1,38.3,0,18
1821,52.39,4,39.7,0,12
852,33.63,1,22.6,1,14
1602,23.81,1,45.1,1,8
607,16.39,2,15.7,0,15
334,0.44,2,23.1,1,19
1839,19.87,1,41.6,1,14
1129,25.5,2,3.9,0,12
1153,7.06,2,14.7,0,8
1887,109.43,2,4.9,1,12
564,12.56,2,1.5,1,8
1249,24.9,4,28.1,0,17
242,38.4,1,24.3,0,11
846,7.75,1,35.2,0,17
1031,24.89,3,32.7,0,10
1619,40.11,1,14.1,0,18
1428,17.33,1,11.9,0,8
223,64.98,3,34.9,0,11
550,25.52,2,1.4,0,9
1626,19.03,1,11.6,0,8
1627,22.74,2,38.0,0,14
893,38.43,2,41.6,0,19
1086,29.05,3,48.1,0,15
527,141.84,4,48.2,0,9
446,155.76,2,27.8,0,19
1087,28.49,4,19.1,0,11
944,80.49,1,21.3,0,9
1062,44.7,4,4.0,0,11
1829,9.51,3,15.1,0,13
641,41.36,4,49.3,0,15
626,31.0,3,43.0,0,12
15,43.02,1,29.1,1,13
166,31.62,3,44.9,0,18
619,5.95,2,31.6,0,17
1544,16.47,1,43.5,0,11
1889,30.45,1,45.9,1,12
1575,3.65,1,16.1,0,8
1771,33.28,2,27.8,0,18
1425,81.71,3,1.0,1,8
1492,9.22,1,33.2,1,13
1037,29.74,2,48.4,1,12
1183,3.06,3,40.2,1,19
1863,50.04,4,7.4,0,16
440,27.81,4,18.3,1,17
1311,27.6,3,26.7,1,15
1169,49.52,1,45.8,1,9
406,67.28,3,3.1,0,17
594,65.5,3,42.9,0,15
1438,14.67,1,37.8,1,8
1766,25.28,3,11.2,0,13
1708,4.18,2,15.9,0,10
478,42.9,3,9.1,0,16
1677,15.52,3,17.2,1,18
1788,7.68,3,42.2,1,19
26,21.24,2,43.8,1,14
590,18.45,3,3.1,0,19
1106,28.45,3,47.3,1,13
362,8.19,2,41.0,0,15
134,35.49,3,39.3,1,9
2,2.44,3,30.3,0,16
294,5.31,3,1.6,0,13
1044,0.49,2,11.1,1,13
1054,2.0,3,38.2,0,13
1359,106.5,1,0.7,1,9
887,13.13,2,39.0,0,8
1526,0.49,2,8.7,0,14
1064,84.51,2,30.4,0,13
584,25.83,3,48.7,0,10
351,9.21,2,32.8,0,11
1108,76.78,1,20.7,1,12
882,75.13,2,44.2,0,16
897,14.45,2,0.2,0,13
496,32.48,3,16.2,0,8
331,58.21,2,39.7,1,16
54,8.7,2,6.2,0,18
2000,3.94,3,46.9,1,11
791,1.68,2,3.4,0,10
1198,19.41,3,49.3,0,17
914,15.25,1,41.3,0,15
1461,52.44,3,39.3,1,9
489,50.58,4,18.9,1,16
770,24.48,2,44.8,0,11
1595,34.4,1,6.9,0,8
1851,2.21,1,48.6,0,14
1917,5.6,1,22.1,0,19
1891,47.1,4,42.0,1,11
1491,50.15,4,35.0,0,8
1943,35.36,1,34.4,0,16
1850,2.25,4,27.5,0,15
1448,15.48,2,36.7,0,8
545,26.81,2,6.4,0,8
150,162.5,2,5.6,1,10
517,10.21,4,10.2,0,17
886,232.74,2,13.5,1,15
1243,35.75,2,35.9,0,13
752,75.2,1,36.9,0,17
1621,88.63,3,2.3,0,11
1007,41.68,2,27.9,0,18
495,13.88,3,43.0,0,12
640,0.2,3,10.6,0,16
465,28.56,2,8.2,0,8
144,59.47,3,23.2,0,9
1151,52.47,3,8.1,0,18
1177,14.33,2,1.2,0,9
239,61.39,1,34.4,0,8
753,17.93,1,5.4,0,11
593,32.4,4,28.3,0,10
630,8.61,4,44.5,0,11
925,86.12,1,8.1,0,8
831,24.62,1,7.9,1,12
1560,26.47,3,35.3,0,18
1880,54.11,4,46.2,0,9
248,20.54,2,31.4,0,17
1014,6.14,3,47.8,1,13
574,50.84,2,25.7,0,16
1133,6.54,2,30.9,0,17
384,11.57,4,35.0,0,15
1000,6.29,3,19.4,0,16
338,65.82,2,45.9,0,15
340,34.84,2,22.4,0,19
605,13.26,1,23.1,1,19
1069,17.45,2,44.3,1,10
819,27.27,2,26.9,0,10
602,24.03,2,45.9,0,18
1430,30.16,2,26.3,0,8
745,39.44,3,37.7,0,16
216,22.91,3,23.8,1,19
1531,16.82,3,23.3,1,17
1349,6.57,3,41.3,0,8
1952,10.12,4,35.8,0,12
169,7.95,2,36.9,0,12
138,22.28,1,11.2,0,10
902,124.93,4,48.9,1,14
423,26.6,3,42.8,0,19
221,24.16,3,47.7,1,16
979,8.34,4,4.8,0,19
1704,48.57,4,12.6,0,14
1250,23.6,1,22.3,0,10
455,59.41,3,5.8,0,8
520,38.51,3,12.2,0,17
1346,59.89,4,26.7,1,18
1652,30.68,3,44.6,0,16
1604,17.45,3,24.3,0,12
356,18.3,3,33.4,1,10
1306,26.43,2,24.6,0,15
993,34.66,3,42.8,0,17
758,57.17,4,19.4,0,13
1161,39.59,4,49.8,0,12
1731,40.76,3,18.5,0,10
1854,39.89,2,16.5,1,15
195,47.5,1,12.3,0,8
1913,19.81,2,20.2,0,10
402,19.9,3,0.9,1,13
666,47.44,1,47.3,0,12
1749,6.0,4,5.3,0,9
1907,223.54,4,26.1,0,10
1318,97.67,2,0.5,0,19
1947,32.17,1,15.2,0,10
1720,10.06,3,19.1,1,11
732,10.72,4,44.7,0,8
792,0.72,3,49.7,0,10
1035,44.14,2,13.7,0,15
323,16.23,2,34.7,0,18
1565,23.56,2,47.2,1,18
1276,32.11,3,34.7,0,11
1232,18.37,2,39.9,0,12
1418,96.12,3,25.8,1,11
637,2.65,2,13.3,1,10
1094,0.6,1,4.2,0,12
674,7.03,1,50.0,0,18
998,20.6,2,49.2,0,15
1219,17.24,3,2.7,0,14
650,10.05,1,10.3,0,10
573,1.06,4,0.1,0,18
313,68.74,3,10.4,1,18
1137,27.26,3,47.3,1,15
326,5.88,1,3.0,0,12
901,65.87,2,15.5,0,15
613,23.33,1,2.6,0,16
856,5.92,3,32.2,1,14
984,4.28,4,31.1,0,18
1337,60.04,3,41.0,0,19
433,26.32,4,25.3,0,19
1527,10.55,4,5.6,1,17
956,32.35,1,20.1,0,19
1366,8.81,3,7.4,0,17
719,209.42,3,48.8,0,19
1636,35.33,4,6.3,0,18
260,8.76,1,32.9,1,15
1532,25.96,3,19.7,0,10
623,49.04,2,2.7,0,10
442,60.88,4,40.4,0,15
796,30.99,4,34.9,0,18
282,75.65,4,33.6,0,12
408,15.89,3,43.7,0,16
1212,47.22,2,9.4,0,10
443,46.12,1,10.0,0,10
635,3.68,2,5.0,1,17
1783,9.02,2,49.5,1,19
900,9.31,1,30.9,0,15
460,41.76,3,49.5,1,9
93,8.39,4,44.0,1,10
1435,32.93,4,27.8,0,16
1676,63.73,3,7.3,0,12
1732,58.25,4,11.9,0,14
575,13.93,4,24.5,1,9
978,9.54,3,14.7,0,9
1983,9.01,3,43.8,0,13
504,46.16,1,12.2,1,14
687,16.29,3,47.9,0,15
476,11.74,2,18.3,0,14
1555,30.51,1,40.1,0,8
932,102.77,2,11.0,0,8
558,0.7,2,3.5,0,8
659,8.05,4,21.1,0,8
1155,17.13,3,20.8,0,10
1912,14.46,2,17.1,0,18
563,6.38,1,26.9,0,18
610,21.36,3,26.3,0,16
198,12.43,4,28.6,1,12
1240,42.47,3,40.1,0,9
751,207.11,2,12.5,0,11
1113,5.94,2,43.1,0,14
18,43.84,3,0.0,1,9
1896,1.87,2,34.2,0,18
482,46.28,3,15.6,0,10
576,92.55,3,5.6,0,17
472,3.8,3,33.4,1,10
1465,38.64,3,21.3,0,9
1818,6.38,4,0.7,1,12
1706,86.19,3,5.9,0,18
1784,0.19,1,5.4,0,15
1282,10.54,2,41.6,0,17
764,21.61,2,5.5,1,16
1453,20.33,4,31.0,0,13
782,20.5,1,42.5,0,8
136,16.34,4,25.9,0,19
1522,10.85,2,33.4,0,18
636,11.11,3,36.9,0,11
1515,25.29,2,43.3,0,18
1690,50.79,1,27.3,0,9
461,7.07,2,34.7,0,16
1101,32.96,1,1.5,0,14
553,1.86,1,22.2,0,8
1877,10.15,1,23.4,0,13
1884,61.76,3,27.6,0,8
1090,34.55,1,8.4,0,13
1921,24.13,2,23.0,0,18
1231,89.06,4,0.8,0,16
9,2.26,2,0.9,0,12
78,14.44,4,18.6,1,16
1518,86.65,1,46.4,1,11
59,59.49,1,26.4,0,11
960,3.41,4,38.7,0,9
763,33.86,4,39.8,0,16
885,27.66,4,10.6,0,9
1497,33.31,1,49.0,0,9
425,1.23,3,13.4,0,13
1402,50.63,3,45.8,0,15
481,10.28,2,18.1,1,18
497,36.28,3,46.8,0,8
1656,16.74,4,13.5,0,19
1966,20.6,2,4.3,0,11
1344,52.34,3,18.3,0,15
1389,0.52,4,2.9,0,9
413,5.81,3,17.4,0,11
1166,14.77,3,46.7,0,19
89,162.13,3,7.7,1,11
999,6.27,1,37.5,0,10
1672,16.48,1,12.9,0,13
820,83.63,2,7.5,0,17
1837,12.42,4,4.9,1,16
324,69.77,4,1.7,1,19
767,29.09,1,8.5,0,17
322,23.18,2,26.4,0,9
61,23.53,2,43.4,1,16
1511,2.94,4,2.3,0,11
927,8.39,4,10.5,0,15
837,8.8,3,32.6,0,9
980,49.21,1,23.9,0,16
1410,18.13,3,13.5,0,19
1444,14.56,2,43.6,0,16
1793,3.08,2,0.9,0,14
1458,29.22,1,31.6,1,17
1326,11.78,1,43.8,0,12
1978,15.12,3,45.5,1,17
297,26.8,4,10.5,0,19
1340,17.96,2,4.5,0,8
272,37.09,1,17.6,0,17
47,1.85,1,25.7,0,14
1111,55.75,1,14.4,0,10
1134,16.38,2,38.4,0,13
361,5.11,4,38.4,0,13
1670,23.93,3,22.9,0,16
17,44.26,2,27.0,0,9
494,6.68,2,35.8,0,14
816,4.47,3,24.6,0,10
194,72.8,4,13.3,0,15
1957,101.59,3,12.5,0,14
1653,1.2,4,1.5,0,12
868,7.98,3,46.9,0,12
1867,5.21,1,28.5,0,10
1426,4.65,3,33.8,0,8
807,66.35,2,19.9,0,15
540,7.82,2,29.2,0,15
439,6.57,1,17.4,0,18
141,15.9,3,25.2,0,13
1223,38.47,2,5.1,1,8
890,12.83,3,16.7,1,14
468,24.07,4,1.8,1,17
1039,76.73,1,0.9,1,15
1112,15.88,4,35.4,1,9
266,8.49,2,1.7,0,17
263,16.02,3,49.6,0,10
1247,0.4,2,43.6,0,14
1017,8.38,1,0.1,0,17
756,1.28,2,1.5,0,16
1284,10.12,1,14.7,0,14
4,17.63,1,46.5,0,18
1379,1.58,4,2.0,0,11
1514,5.55,4,13.4,0,19
1640,30.75,4,33.9,0,10
474,16.27,2,44.6,0,9
662,61.16,2,6.2,1,17
140,3.83,1,6.7,0,16
1092,64.78,3,14.8,1,19
516,7.75,2,45.5,0,12
343,72.12,4,4.1,0,12
1081,86.62,2,21.4,0,9
1329,42.57,4,21.7,1,11
1770,22.85,2,45.6,1,18
941,45.76,3,36.3,0,16
52,0.28,3,25.7,1,14
1538,21.76,2,4.0,0,14
1490,8.17,2,35.1,0,17
531,23.0,2,4.9,0,15
1805,22.03,4,25.8,0,15
1330,37.71,3,5.1,0,9
1849,27.3,2,10.4,0,19
435,67.11,4,39.1,0,13
538,79.06,4,25.3,0,17
696,1.08,4,2.6,0,14
1382,1.5,3,29.7,0,11
1211,0.53,3,42.7,0,16
556,20.65,3,26.6,1,17
1154,19.04,3,0.5,1,8
951,8.42,1,43.8,0,14
360,2.31,1,11.0,0,16
1269,5.66,2,44.3,0,15
256,43.89,3,44.1,0,9
1807,29.73,4,21.0,0,10
391,44.8,4,5.4,0,8
721,80.66,2,33.8,0,8
1179,5.5,4,6.7,0,17
372,5.66,1,19.9,0,18
1999,34.13,1,40.3,0,18
1607,35.01,1,18.8,0,16
1954,23.11,2,3.0,0,14
159,6.21,4,16.1,0,18
1790,104.04,4,32.0,0,9
412,13.25,4,43.4,0,13
1004,36.64,2,32.9,0,16
1296,23.24,2,29.1,0,14
485,47.67,4,8.6,0,12
147,5.11,2,17.6,0,9
1742,49.15,3,8.6,1,10
1815,48.24,2,9.3,0,11
1419,2.64,4,16.0,0,13
827,50.37,4,12.1,0,14
1443,4.8,4,10.8,0,15
844,62.75,4,36.0,1,10
577,25.79,3,1.0,1,13
838,70.4,2,9.0,0,13
1992,56.39,4,27.4,1,15
1924,45.48,1,19.4,0,14
1705,64.81,2,2.1,0,15
589,83.67,2,40.8,0,16
291,37.43,1,45.3,1,18
1436,38.83,3,36.0,0,13
863,30.61,4,33.8,0,14
1655,17.75,3,48.0,1,8
214,0.26,4,20.8,1,16
1890,12.98,4,27.4,0,11
1383,101.53,2,1.7,0,17
1205,46.98,2,38.5,1,14
1885,45.37,4,47.7,0,19
381,15.05,4,41.0,0,13
100,16.38,1,36.0,1,11
1898,28.03,2,9.1,0,15
1160,30.13,3,19.6,1,18
1201,23.91,1,24.8,0,12
505,12.94,3,30.8,0,19
1584,19.45,4,41.1,0,13
597,18.47,1,17.5,1,19
1997,34.17,2,2.4,0,9
40,7.44,4,9.2,1,15
341,5.86,3,6.6,0,18
3,41.99,2,29.4,1,16
452,16.96,4,34.4,1,17
1848,13.17,1,9.3,1,9
1842,17.0,2,38.1,0,12
1093,36.3,2,24.4,0,9
1233,12.07,2,41.6,0,15
609,45.44,4,4.1,0,13
421,17.84,1,19.5,1,15
1278,110.65,4,18.6,1,8
847,0.87,3,42.6,0,10
1364,10.87,3,48.5,0,11
1434,10.5,1,2.2,1,12
112,1.91,3,35.3,1,15
225,45.4,4,47.5,0,8
943,25.72,4,31.9,0,10
1569,3.26,3,42.7,1,11
74,4.73,1,0.6,0,14
48,12.02,1,34.5,1,12
639,15.67,4,0.6,0,10
114,38.88,3,26.1,0,11
97,1.13,2,30.9,1,8
1762,149.67,1,47.7,0,11
1239,21.6,1,34.2,1,13
1594,12.86,2,42.9,1,9
1148,34.44,4,25.5,0,13
107,66.17,3,20.2,0,11
1620,45.87,2,26.8,0,17
1042,28.39,4,48.6,0,14
1767,53.9,2,41.5,1,10
1123,37.94,3,28.6,0,12
1347,35.66,3,14.0,1,16
1407,22.89,4,7.9,0,16
1390,10.73,1,15.1,0,11
1535,127.1,4,43.5,0,13
